{"cameraMode":{"drawMode":0,"name":"Shaded","section":"Shading Mode"},"sceneLighting":false,"audioPlay":false,"sceneViewState":{"m_AlwaysRefresh":false,"showFog":true,"showSkybox":false,"showFlares":true,"showImageEffects":true,"showParticleSystems":true,"showVisualEffectGraphs":true,"m_FxEnabled":true},"in2DMode":false,"pivot":{"x":-0.04559740424156189,"y":-0.011944577097892762,"z":-0.3852861523628235},"rotation":{"x":-0.12274903804063797,"y":-0.8467046618461609,"z":0.22237208485603333,"w":-0.4675542712211609},"size":0.5137561559677124,"orthographic":false}