{"cameraMode":{"drawMode":31,"name":"Sprite Mask","section":"Miscellaneous"},"sceneLighting":false,"audioPlay":false,"sceneViewState":{"m_AlwaysRefresh":false,"showFog":true,"showSkybox":false,"showFlares":true,"showImageEffects":true,"showParticleSystems":true,"showVisualEffectGraphs":true,"m_FxEnabled":true},"in2DMode":false,"pivot":{"x":-0.07047653198242188,"y":1.8802424669265748,"z":4.737729072570801},"rotation":{"x":0.037096817046403888,"y":0.8849911093711853,"z":-0.07169593125581742,"w":0.4586157500743866},"size":1.499151587486267,"orthographic":false}