{"cameraMode":{"drawMode":31,"name":"Sprite Mask","section":"Miscellaneous"},"sceneLighting":false,"audioPlay":false,"sceneViewState":{"m_AlwaysRefresh":false,"showFog":true,"showSkybox":false,"showFlares":true,"showImageEffects":true,"showParticleSystems":true,"showVisualEffectGraphs":true,"m_FxEnabled":true},"in2DMode":false,"pivot":{"x":-0.021441489458084108,"y":2.2744884490966799,"z":5.4847235679626469},"rotation":{"x":-0.755855143070221,"y":-0.025525527074933053,"z":0.029599150642752649,"w":-0.6536162495613098},"size":0.6619017124176025,"orthographic":false}